{"cameraMode":{"drawMode":0,"name":"Shaded","section":"Shading Mode"},"sceneLighting":true,"audioPlay":false,"sceneViewState":{"showFog":true,"showMaterialUpdate":true,"showSkybox":true,"showFlares":true,"showImageEffects":true,"showParticleSystems":true},"in2DMode":false,"pivot":{"x":62.0499153137207,"y":3.943544864654541,"z":25.403789520263673},"rotation":{"x":0.05340258777141571,"y":-0.3051224648952484,"z":0.017100756987929345,"w":0.9507982134819031},"size":6.213602542877197,"orthographic":false}